id,gpa,major,numberClasses,isMasters
0,1.06,Education,5,False
1,1.94,Education,5,False
2,2.87,Education,5,True
3,3.6,Computer Science,6,True
4,1.73,Education,3,False
5,2.66,English,5,False
6,1.24,Computer Science,6,True
7,3.64,Math,5,True
8,3.1,Computer Science,6,True
9,3.8,English,5,False
10,2.19,Math,3,True
11,3.51,Math,5,False
12,3.78,Education,5,False
13,1.63,Education,3,True
14,2.42,Education,3,True
15,1.22,English,6,True
16,3.36,Education,6,True
17,1.63,Education,6,True
18,2.14,Math,5,False
19,3.19,English,3,True
20,1.63,Computer Science,3,False
21,1.35,Computer Science,6,True
22,3.07,Math,3,True
23,1.09,Math,3,False
24,2.61,Computer Science,3,True
25,1.64,Education,6,True
26,1.51,Math,3,True
27,3.82,Education,5,True
28,2.44,English,4,False
29,2.42,Computer Science,4,False
30,2.56,Education,6,False
31,3.46,Education,4,False
32,2.93,Math,5,False
33,3.27,Math,6,True
34,3.51,Education,3,True
35,3.45,Math,6,False
36,2.01,English,5,False
37,2.88,English,3,False
38,3.05,English,5,True
39,1.79,Computer Science,3,False
40,1.59,Computer Science,4,True
41,3.87,Computer Science,4,True
42,1.23,Education,4,True
43,3.08,Education,4,False
44,2.87,Education,6,True
45,3.81,Education,6,False
46,2.69,Education,6,False
47,2.61,English,6,True
48,1.37,English,6,True
49,2.88,Education,6,False
50,3.53,Computer Science,4,False
51,2.57,English,3,True
52,2.13,Education,3,False
53,3.18,Education,3,True
54,2.28,Math,6,True
55,2.88,Computer Science,5,True
56,2.32,Computer Science,3,False
57,1.98,Computer Science,4,True
58,3.72,English,5,True
59,1.21,Math,4,True
60,1.35,Math,6,False
61,3.86,Computer Science,4,True
62,3.54,Computer Science,4,False
63,2.09,English,6,False
64,2.6,Computer Science,6,True
65,2.92,Computer Science,3,True
66,2.0,English,4,False
67,2.92,Computer Science,4,True
68,1.76,Math,4,False
69,3.24,Computer Science,4,False
70,2.73,Education,6,False
71,1.7,Computer Science,5,False
72,3.56,Computer Science,6,True
73,3.31,English,6,False
74,1.47,Computer Science,3,False
75,3.35,Computer Science,4,False
76,3.78,Education,5,True
77,2.96,Education,5,False
78,2.27,Math,3,False
79,1.82,Computer Science,3,True
80,3.42,English,6,False
81,2.42,Math,3,True
82,1.42,Math,3,False
83,3.64,Education,5,True
84,3.66,Math,3,False
85,2.38,Computer Science,3,True
86,3.28,Education,3,False
87,1.89,Math,4,False
88,3.08,Computer Science,3,False
89,2.62,Computer Science,6,True
90,3.03,Math,3,False
91,2.91,Math,3,False
92,2.43,English,3,True
93,2.6,Computer Science,5,False
94,1.27,Computer Science,5,True
95,2.49,Education,3,False
96,1.92,Computer Science,4,True
97,3.78,Computer Science,5,False
98,1.43,Computer Science,4,False
99,3.98,Education,4,False
100,3.82,Computer Science,4,False
101,2.5,Computer Science,4,True
102,2.46,Computer Science,6,True
103,2.02,English,5,True
104,1.91,Math,4,False
105,3.74,Computer Science,3,True
106,3.15,Education,3,False
107,1.2,Education,4,True
108,3.92,English,6,False
109,1.16,Math,4,False
110,2.8,Math,6,True
111,1.94,Computer Science,6,True
112,3.46,English,4,False
113,1.22,Computer Science,4,True
114,2.37,Computer Science,4,False
115,3.9,English,4,True
116,3.44,Math,3,False
117,2.1,Education,4,True
118,1.4,Education,3,True
119,3.8,Math,6,False
120,3.46,Computer Science,3,True
121,2.55,Computer Science,4,False
122,2.87,Computer Science,4,True
123,3.28,Math,6,False
124,2.51,Computer Science,4,True
125,2.83,Education,6,False
126,3.05,Computer Science,5,True
127,3.34,Math,5,False
128,3.76,Computer Science,5,False
129,3.49,Education,4,True
130,1.51,Computer Science,3,True
131,1.21,Computer Science,5,True
132,1.4,Computer Science,5,True
133,2.17,Computer Science,4,True
134,1.77,Education,6,True
135,2.52,Education,6,True
136,3.48,Education,6,False
137,1.21,Education,4,True
138,2.13,Computer Science,6,False
139,2.26,English,6,True
140,1.56,English,5,True
141,2.97,Math,4,False
142,3.47,Computer Science,4,False
143,2.74,Computer Science,4,False
144,3.18,Computer Science,4,True
145,3.74,Math,3,True
146,1.06,Computer Science,6,False
147,1.26,Math,5,True
148,3.86,English,4,True
149,3.7,Computer Science,4,True
150,1.17,Math,3,True
151,2.09,Education,5,True
152,1.09,Education,3,False
153,2.07,Math,6,False
154,3.45,Math,5,True
155,1.37,Computer Science,4,True
156,1.94,Education,3,False
157,2.81,Math,6,False
158,2.06,Math,4,False
159,2.82,Computer Science,4,True
160,1.42,Education,6,True
161,2.89,English,5,True
162,1.03,Computer Science,4,False
163,2.86,Math,5,False
164,2.93,English,5,False
165,2.7,Math,4,False
166,3.43,English,3,True
167,2.19,Computer Science,3,True
168,3.86,Education,6,True
169,1.44,Education,3,False
170,2.48,Math,4,False
171,1.59,English,3,False
172,2.32,English,3,False
173,3.54,Education,6,False
174,1.01,Computer Science,3,True
175,3.28,Computer Science,5,False
176,1.26,Computer Science,6,True
177,1.71,Computer Science,3,True
178,3.78,English,6,False
179,2.42,Computer Science,4,False
180,2.87,Education,5,True
181,2.6,Education,6,False
182,3.66,English,4,True
183,3.94,Computer Science,4,True
184,2.47,Education,3,True
185,3.46,Math,4,True
186,3.43,Computer Science,6,True
187,3.92,Education,6,True
188,1.12,Math,4,True
189,3.8,Math,6,True
190,2.75,Computer Science,6,True
191,1.2,Computer Science,6,True
192,1.93,Computer Science,6,True
193,1.48,Math,4,False
194,3.54,Education,5,True
195,3.18,Computer Science,3,True
196,3.6,Computer Science,5,False
197,3.63,Computer Science,6,False
198,2.53,English,3,False
199,2.45,English,6,True
200,2.73,Math,6,True
201,1.04,Computer Science,4,False
202,2.58,Computer Science,3,True
203,2.34,Computer Science,3,False
204,3.46,Math,3,False
205,2.18,English,4,False
206,2.67,Math,5,True
207,3.81,Computer Science,3,True
208,1.49,English,6,False
209,3.73,Math,6,True
210,1.33,Computer Science,6,False
211,1.92,Computer Science,6,True
212,2.83,Computer Science,5,False
213,3.25,Math,6,False
214,3.57,Math,5,False
215,3.74,English,3,True
216,1.28,Computer Science,4,True
217,2.83,Computer Science,3,False
218,1.42,Math,4,False
219,1.32,Computer Science,3,False
220,2.42,Education,3,True
221,2.89,Math,4,True
222,1.91,Computer Science,6,False
223,3.2,Education,5,True
224,2.7,Education,5,False
225,2.84,Education,6,False
226,3.65,Math,3,True
227,3.25,Math,5,True
228,1.56,Computer Science,4,False
229,1.93,Computer Science,4,True
230,3.81,Computer Science,3,False
231,1.09,English,5,False
232,3.37,Computer Science,5,False
233,1.11,Education,6,False
234,1.14,Computer Science,5,False
235,2.16,Math,4,False
236,1.96,English,4,True
237,3.08,Math,5,False
238,4.0,English,3,True
239,1.32,English,4,True
240,1.46,English,5,True
241,2.77,Education,4,False
242,2.62,English,5,False
243,2.34,Computer Science,6,True
244,1.51,Computer Science,6,False
245,3.62,Math,4,False
246,3.51,Computer Science,3,False
247,2.18,English,5,False
248,3.99,Math,4,True
249,2.42,Computer Science,4,True
250,2.64,English,4,True
251,1.44,Computer Science,6,True
252,1.15,Education,4,True
253,1.83,Computer Science,6,False
254,3.7,Computer Science,5,True
255,3.28,Computer Science,5,True
256,2.25,Computer Science,3,False
257,2.43,Education,3,True
258,1.27,Computer Science,4,True
259,3.61,English,6,False
260,3.17,English,3,True
261,3.56,Computer Science,6,False
262,3.08,Math,4,True
263,1.56,Math,4,False
264,3.28,Computer Science,3,False
265,3.51,English,4,True
266,2.1,Computer Science,6,True
267,1.32,Computer Science,6,True
268,3.57,Education,5,False
269,1.91,English,3,False
270,3.5,Computer Science,5,True
271,3.1,English,5,False
272,3.58,Computer Science,3,False
273,1.4,Education,5,False
274,1.8,Math,4,False
275,3.15,Computer Science,6,True
276,1.2,Education,4,True
277,1.01,English,6,False
278,1.91,Education,6,True
279,2.81,Computer Science,6,True
280,1.83,Computer Science,3,False
281,2.22,English,4,True
282,1.36,Computer Science,6,False
283,3.02,Education,4,True
284,3.89,Math,3,True
285,2.34,Education,4,False
286,1.2,Education,4,True
287,3.2,Computer Science,3,False
288,3.85,Computer Science,6,False
289,2.28,Math,4,True
290,1.57,Math,4,False
291,2.73,Computer Science,3,False
292,2.72,Math,5,False
293,2.06,Computer Science,4,False
294,3.89,Education,4,False
295,1.47,Math,3,False
296,2.17,Math,4,False
297,2.3,Education,4,False
298,3.77,Math,6,False
299,2.66,Education,5,True
300,2.65,Computer Science,5,False
301,1.52,Computer Science,5,True
302,3.74,Education,5,False
303,2.88,Computer Science,5,True
304,2.1,Computer Science,5,True
305,1.23,English,6,False
306,3.6,Computer Science,6,False
307,3.26,English,6,False
308,1.13,English,4,True
309,2.36,Computer Science,5,False
310,1.71,English,3,True
311,2.24,English,3,True
312,1.48,Math,6,True
313,3.18,Computer Science,4,True
314,1.29,English,3,True
315,1.72,English,3,False
316,2.34,Computer Science,3,False
317,2.96,Computer Science,6,True
318,2.96,Math,4,True
319,1.62,Math,3,False
320,2.41,Education,5,True
321,2.89,Computer Science,5,True
322,1.13,Computer Science,3,False
323,1.73,Computer Science,3,True
324,1.7,English,5,False
325,2.14,Math,6,False
326,1.39,Math,3,True
327,1.47,Computer Science,5,True
328,1.04,Computer Science,3,False
329,1.15,English,6,True
330,3.84,Computer Science,6,False
331,1.76,Math,3,True
332,3.7,Computer Science,4,True
333,1.85,Math,5,True
334,2.69,Math,5,False
335,1.62,Education,4,True
336,2.33,Math,3,True
337,2.4,English,6,True
338,3.46,Math,5,False
339,3.84,Math,4,False
340,3.34,Math,6,True
341,3.36,English,4,True
342,1.44,English,6,True
343,1.88,English,4,True
344,3.08,Education,6,False
345,1.03,English,3,False
346,1.32,Math,5,True
347,2.39,Math,3,False
348,2.53,Education,5,False
349,3.88,Education,4,False
350,3.17,Education,6,False
351,3.4,English,3,True
352,1.07,Computer Science,4,True
353,1.59,Computer Science,5,False
354,3.62,Math,6,True
355,2.17,English,4,False
356,2.4,Computer Science,3,True
357,2.18,Computer Science,6,False
358,3.34,Education,5,True
359,1.02,Computer Science,5,False
360,3.45,English,4,True
361,2.97,Math,4,False
362,2.64,Computer Science,5,True
363,3.2,Computer Science,4,False
364,3.4,Computer Science,6,True
365,2.58,Math,3,False
366,1.97,Computer Science,3,True
367,2.04,Computer Science,4,True
368,3.51,Computer Science,4,True
369,3.12,Education,5,False
370,3.58,Math,6,False
371,1.75,Math,4,True
372,2.44,Computer Science,4,True
373,3.21,Math,4,False
374,2.72,Math,3,False
375,3.45,English,6,False
376,3.07,English,3,False
377,3.59,Computer Science,3,True
378,2.28,English,5,True
379,3.21,Computer Science,6,True
380,2.79,Computer Science,5,False
381,3.56,Computer Science,3,False
382,1.03,Computer Science,6,True
383,1.7,Computer Science,5,True
384,3.37,Computer Science,4,False
385,1.45,Computer Science,3,True
386,1.22,Computer Science,5,True
387,3.48,Education,6,True
388,2.85,Computer Science,3,False
389,3.59,Education,3,True
390,1.14,Computer Science,3,True
391,2.2,English,5,False
392,2.5,Education,3,True
393,2.86,Computer Science,4,True
394,1.28,Computer Science,6,True
395,1.76,Math,4,False
396,3.48,English,3,False
397,1.06,Math,5,False
398,3.48,Math,4,False
399,1.32,Education,3,True
400,2.2,Computer Science,3,True
401,2.17,English,4,False
402,2.29,Education,6,False
403,3.87,Computer Science,4,False
404,3.2,Computer Science,6,False
405,3.54,Math,5,True
406,3.4,Computer Science,6,False
407,3.12,Computer Science,5,False
408,3.2,Math,5,True
409,2.54,Computer Science,5,False
410,1.32,Math,3,True
411,1.93,Computer Science,5,True
412,3.02,English,5,False
413,1.68,Computer Science,4,True
414,1.79,Education,6,False
415,2.8,Math,3,True
416,3.07,Computer Science,5,True
417,3.99,Math,4,False
418,1.11,English,3,False
419,2.58,English,4,True
420,1.79,Computer Science,3,False
421,3.32,Computer Science,5,True
422,2.6,English,6,True
423,1.43,English,3,True
424,1.75,English,3,True
425,1.37,Education,5,True
426,2.06,English,3,False
427,3.11,Education,4,True
428,3.4,Computer Science,5,False
429,1.57,English,4,True
430,1.47,Education,3,False
431,1.03,Computer Science,6,True
432,1.18,Computer Science,4,False
433,1.81,Math,5,True
434,2.96,English,3,False
435,1.12,Math,5,False
436,3.78,Computer Science,4,True
437,2.58,Education,6,True
438,1.31,Education,6,False
439,1.99,English,6,True
440,1.92,Education,6,True
441,2.26,Computer Science,3,False
442,3.01,English,5,True
443,3.55,Computer Science,6,True
444,1.85,Computer Science,3,True
445,1.1,Computer Science,5,True
446,3.01,Math,3,True
447,1.4,Education,6,False
448,2.31,Computer Science,3,False
449,3.96,Education,5,False
450,1.79,Computer Science,3,True
451,1.03,English,6,False
452,2.99,Math,3,True
453,3.1,Education,5,False
454,3.07,Education,6,False
455,2.68,Computer Science,6,False
456,3.01,Computer Science,5,False
457,2.39,Computer Science,3,True
458,1.27,English,3,False
459,3.75,Computer Science,5,False
460,2.08,English,3,True
461,1.79,Education,4,False
462,1.89,Math,4,True
463,1.51,Education,6,False
464,1.1,English,6,True
465,3.5,Computer Science,6,False
466,3.2,Math,5,True
467,3.09,Computer Science,5,False
468,1.26,Computer Science,4,True
469,3.7,Computer Science,5,True
470,1.99,Computer Science,5,True
471,3.35,Computer Science,3,True
472,2.98,Computer Science,6,True
473,2.63,Computer Science,4,True
474,2.17,Education,3,True
475,1.11,Computer Science,5,True
476,1.55,Computer Science,3,False
477,2.81,English,3,False
478,3.38,Computer Science,6,False
479,3.36,English,5,False
480,1.32,Computer Science,3,False
481,1.35,English,6,False
482,1.27,Computer Science,4,False
483,3.69,Math,3,True
484,2.53,Education,5,True
485,2.39,English,6,True
486,2.34,Education,4,False
487,3.69,Education,5,True
488,3.07,Computer Science,4,False
489,1.11,Math,6,True
490,1.98,Math,4,False
491,1.88,Computer Science,6,False
492,1.97,Education,3,False
493,2.39,Math,4,True
494,2.33,Computer Science,3,True
495,3.71,Computer Science,5,True
496,2.13,Computer Science,5,True
497,3.86,Computer Science,6,False
498,3.09,Computer Science,4,False
499,3.44,Math,5,False
500,2.89,Computer Science,3,False
501,1.8,English,3,True
502,1.83,Computer Science,6,False
503,1.1,Computer Science,4,True
504,3.76,Education,5,False
505,1.85,Computer Science,3,False
506,3.15,Computer Science,6,True
507,3.72,Computer Science,5,True
508,1.02,English,3,True
509,2.61,English,5,False
510,1.96,Computer Science,6,False
511,2.23,English,4,False
512,1.61,Math,6,True
513,1.51,Computer Science,3,False
514,3.9,Computer Science,3,True
515,2.47,Computer Science,3,True
516,2.05,Math,4,True
517,2.34,Education,3,True
518,3.95,Computer Science,4,False
519,2.06,Education,3,False
520,1.57,Computer Science,4,True
521,2.44,Education,6,True
522,2.05,Computer Science,5,True
523,2.39,Computer Science,3,False
524,1.71,Computer Science,6,False
525,2.07,Math,4,True
526,1.44,Computer Science,3,True
527,2.64,English,5,True
528,3.9,Math,5,True
529,1.83,English,4,True
530,1.5,Education,5,True
531,1.86,Computer Science,3,True
532,2.52,English,4,False
533,1.32,Computer Science,3,False
534,2.96,English,6,True
535,2.14,Math,3,False
536,3.54,English,5,False
537,3.22,Computer Science,4,False
538,3.69,Education,5,False
539,1.82,Computer Science,3,True
540,3.31,Math,6,False
541,2.26,Computer Science,5,True
542,3.05,Computer Science,6,True
543,1.94,Math,6,False
544,1.48,Education,3,False
545,3.6,Computer Science,4,False
546,2.22,Computer Science,6,True
547,3.0,Education,3,False
548,2.68,Computer Science,4,False
549,1.63,Computer Science,4,True
550,3.45,Math,5,False
551,2.03,Math,4,False
552,1.54,Math,3,False
553,1.28,Computer Science,3,False
554,1.61,Math,5,True
555,3.03,English,6,True
556,3.74,Math,5,True
557,1.84,English,6,False
558,2.28,Computer Science,6,False
559,2.63,English,4,False
560,2.6,Math,6,False
561,1.21,Education,5,True
562,2.82,Math,3,False
563,3.18,Computer Science,3,True
564,3.86,English,4,True
565,2.23,Computer Science,3,True
566,1.12,Computer Science,3,True
567,2.19,Math,4,True
568,2.44,Math,6,False
569,2.86,English,5,False
570,2.85,Math,6,True
571,3.2,Computer Science,3,True
572,3.65,Computer Science,6,True
573,2.2,Math,5,True
574,3.82,Math,3,True
575,2.32,Education,3,True
576,1.17,Math,3,False
577,2.18,English,5,True
578,1.4,Math,6,False
579,2.59,Computer Science,5,True
580,3.97,Math,6,False
581,1.29,English,6,True
582,1.46,Computer Science,6,True
583,2.15,Education,4,True
584,1.87,English,5,False
585,2.08,English,5,False
586,2.28,Computer Science,4,True
587,2.43,Computer Science,3,False
588,1.75,Computer Science,5,True
589,3.67,Computer Science,6,True
590,2.76,Education,6,True
591,3.29,Computer Science,3,True
592,1.16,Math,3,False
593,2.87,Computer Science,3,False
594,2.64,Computer Science,5,True
595,2.22,English,5,False
596,1.92,Computer Science,6,False
597,3.23,Computer Science,4,True
598,2.58,Computer Science,4,False
599,3.12,Math,4,True
600,3.21,Math,6,True
601,2.55,Computer Science,6,True
602,1.69,Education,6,False
603,1.33,Computer Science,6,False
604,3.5,English,3,False
605,2.59,Computer Science,4,False
606,3.93,Math,5,True
607,1.23,Computer Science,6,False
608,3.35,Computer Science,5,False
609,3.12,Education,4,True
610,3.65,Math,6,False
611,1.66,Education,3,False
612,1.37,Computer Science,6,False
613,1.91,Math,5,False
614,1.35,Computer Science,6,False
615,2.12,Math,3,True
616,1.62,Computer Science,5,True
617,2.47,Education,5,True
618,2.5,Computer Science,5,False
619,3.79,Education,6,True
620,3.37,Education,4,True
621,3.46,Computer Science,4,True
622,2.95,Math,6,False
623,3.65,English,3,False
624,1.75,Education,6,True
625,1.56,Computer Science,6,False
626,3.19,Math,4,True
627,3.44,English,5,False
628,2.33,English,4,False
629,3.15,Computer Science,4,False
630,3.06,Math,3,True
631,3.17,Computer Science,3,True
632,2.73,Math,4,True
633,2.33,English,3,True
634,1.02,Education,3,True
635,2.5,Computer Science,4,True
636,3.5,English,6,True
637,1.54,Computer Science,3,False
638,1.81,Computer Science,3,True
639,2.29,Math,5,False
640,1.07,English,3,False
641,1.27,Math,5,False
642,3.98,English,4,True
643,1.56,English,6,True
644,3.88,Computer Science,6,True
645,2.34,Math,5,False
646,3.46,Education,4,True
647,3.47,Computer Science,4,False
648,1.9,Math,6,True
649,2.47,Computer Science,4,True
650,3.06,Education,4,False
651,3.39,Education,6,True
652,1.17,Math,4,False
653,2.51,Education,3,True
654,2.06,Computer Science,3,False
655,1.52,Math,4,False
656,1.15,Computer Science,6,True
657,3.87,English,4,False
658,1.5,Computer Science,3,True
659,1.52,Math,4,True
660,2.27,Computer Science,6,False
661,3.18,Computer Science,5,True
662,2.64,Computer Science,6,False
663,2.4,Math,4,True
664,3.77,Math,4,True
665,3.8,Math,5,True
666,3.46,Computer Science,5,False
667,1.27,Education,5,True
668,2.49,Computer Science,4,True
669,1.23,Math,6,True
670,2.73,English,5,False
671,1.03,Computer Science,5,False
672,1.77,Math,4,True
673,2.56,Computer Science,5,True
674,3.82,Computer Science,6,True
675,1.55,Education,4,True
676,2.83,Computer Science,6,False
677,3.04,Computer Science,4,True
678,2.56,Computer Science,5,True
679,2.94,English,4,False
680,1.29,English,4,True
681,3.61,Math,3,False
682,2.52,Math,5,False
683,3.96,Education,6,False
684,3.86,Education,5,False
685,3.24,Education,4,True
686,3.7,Education,5,False
687,3.1,English,5,False
688,2.54,Math,5,False
689,1.19,Computer Science,3,False
690,2.39,Math,5,False
691,3.2,Computer Science,5,False
692,1.93,English,3,True
693,2.44,Computer Science,3,True
694,1.44,Computer Science,5,False
695,3.83,Computer Science,5,True
696,2.19,English,3,True
697,3.32,Education,5,True
698,2.86,Math,4,True
699,1.71,English,3,False
700,1.49,English,5,True
701,3.66,Computer Science,6,True
702,1.47,Computer Science,4,True
703,1.49,Computer Science,5,True
704,1.42,Math,4,True
705,3.79,Math,3,False
706,1.48,Math,3,True
707,3.21,Computer Science,4,True
708,3.32,Computer Science,6,False
709,1.65,English,6,True
710,2.94,Math,3,True
711,3.53,Education,3,True
712,3.73,Math,4,False
713,1.77,Math,6,False
714,1.65,Education,4,True
715,1.54,Math,6,False
716,2.05,Computer Science,5,False
717,3.45,Computer Science,4,True
718,1.36,English,5,False
719,3.28,Education,4,False
720,2.72,Computer Science,4,True
721,2.34,Computer Science,4,True
722,2.55,Math,5,True
723,2.52,English,5,True
724,2.04,Math,6,False
725,3.79,Education,6,False
726,2.36,Computer Science,6,True
727,3.53,Computer Science,4,False
728,2.44,English,4,False
729,1.2,Education,4,True
730,2.09,Computer Science,4,True
731,2.99,Computer Science,3,True
732,1.2,Computer Science,6,True
733,1.08,English,3,True
734,2.63,Education,5,True
735,1.1,English,3,False
736,1.16,English,6,False
737,3.78,Math,4,True
738,1.65,Education,6,False
739,3.76,Math,6,True
740,1.49,Education,5,True
741,1.94,Education,6,True
742,1.49,Math,4,True
743,3.49,Computer Science,4,False
744,1.44,English,5,True
745,2.2,Math,6,True
746,1.59,Math,3,False
747,2.12,Computer Science,5,False
748,3.72,Computer Science,3,True
749,3.39,English,6,True
750,1.37,Computer Science,3,False
751,3.4,Computer Science,3,False
752,3.67,Computer Science,3,False
753,1.95,Education,6,True
754,2.11,English,5,False
755,3.95,Computer Science,6,False
756,1.14,Math,3,False
757,3.68,Education,4,True
758,2.01,Computer Science,4,False
759,3.17,Computer Science,4,True
760,1.78,Computer Science,4,True
761,1.97,Computer Science,6,True
762,2.52,English,6,False
763,2.25,Computer Science,3,True
764,3.14,Math,4,True
765,1.9,English,6,True
766,3.38,Computer Science,3,True
767,3.21,Computer Science,3,False
768,3.52,Computer Science,4,False
769,2.81,Computer Science,6,True
770,3.24,Computer Science,5,True
771,2.85,English,4,False
772,3.03,Math,4,False
773,2.92,Computer Science,4,False
774,2.11,Education,5,True
775,1.25,Computer Science,4,False
776,1.31,Computer Science,4,True
777,2.29,Computer Science,3,False
778,2.32,Math,6,False
779,3.5,Computer Science,5,False
780,1.44,English,3,True
781,2.4,Education,4,True
782,1.62,Education,5,True
783,3.58,Computer Science,4,False
784,1.83,Computer Science,5,False
785,2.97,Math,6,True
786,1.7,Math,3,True
787,3.23,Education,5,False
788,3.97,Computer Science,3,True
789,3.13,Education,3,True
790,3.82,Computer Science,6,False
791,3.62,English,6,True
792,3.2,Education,4,False
793,2.62,Math,6,True
794,1.48,Computer Science,6,True
795,3.09,English,4,False
796,3.12,Computer Science,4,False
797,2.2,Math,4,False
798,1.54,Math,6,False
799,1.35,Computer Science,3,True
800,1.98,Math,4,False
801,1.18,Education,5,True
802,2.35,Education,3,True
803,2.26,Computer Science,4,True
804,2.44,English,6,False
805,1.91,English,6,True
806,1.53,Education,6,False
807,2.5,English,6,True
808,3.72,Education,6,False
809,3.4,Math,5,False
810,3.38,Education,5,False
811,2.46,English,4,True
812,1.8,Computer Science,6,False
813,2.58,Computer Science,5,False
814,3.25,Math,4,False
815,1.64,Computer Science,3,False
816,3.01,Computer Science,4,True
817,2.41,Education,6,False
818,2.24,Education,5,False
819,1.15,English,4,True
820,2.61,English,5,False
821,1.14,Computer Science,5,False
822,1.84,Computer Science,5,False
823,2.27,Math,4,False
824,1.76,Math,5,False
825,2.44,Computer Science,3,True
826,1.1,Computer Science,4,False
827,2.34,Math,5,False
828,2.27,English,4,True
829,1.79,Math,4,False
830,2.67,Education,6,True
831,3.87,Computer Science,3,True
832,1.35,Computer Science,6,True
833,3.2,Math,4,True
834,2.56,Computer Science,4,False
835,3.18,Education,3,True
836,1.38,Computer Science,4,True
837,3.54,English,4,False
838,3.12,Computer Science,6,True
839,1.93,Education,4,True
840,1.92,Computer Science,4,False
841,1.18,Math,3,False
842,3.3,Math,3,False
843,2.97,Computer Science,5,True
844,1.41,Computer Science,5,True
845,3.05,Computer Science,3,False
846,2.34,Computer Science,5,False
847,2.49,Math,4,False
848,1.53,English,4,True
849,3.8,Computer Science,5,True
850,1.9,Computer Science,5,True
851,3.26,Education,4,True
852,3.35,Computer Science,5,False
853,3.48,Education,5,True
854,3.59,Computer Science,3,False
855,3.45,English,3,False
856,3.06,Math,5,True
857,1.55,Math,5,False
858,1.17,Education,6,True
859,1.42,Education,3,True
860,2.64,Computer Science,5,False
861,2.22,Computer Science,6,True
862,2.91,Education,6,False
863,1.16,English,6,True
864,3.28,English,3,False
865,2.13,Math,5,False
866,2.22,Education,6,False
867,1.04,Computer Science,6,True
868,1.59,Education,3,False
869,1.12,Math,3,False
870,1.05,English,3,False
871,1.76,Computer Science,5,True
872,2.31,English,3,True
873,1.35,Math,3,False
874,1.84,Education,3,True
875,1.36,Math,6,False
876,1.44,Math,6,True
877,3.12,English,6,False
878,3.63,Computer Science,6,False
879,1.39,Math,6,True
880,3.15,Education,3,True
881,1.58,English,3,True
882,1.53,Computer Science,4,True
883,3.12,Math,3,False
884,2.53,Math,3,True
885,2.6,Education,3,False
886,2.52,English,5,False
887,1.38,Computer Science,6,False
888,2.46,Education,4,False
889,1.96,English,6,True
890,3.31,Math,6,True
891,2.44,Computer Science,5,False
892,1.65,Education,5,False
893,1.08,Computer Science,4,True
894,3.0,Computer Science,5,True
895,1.6,Math,6,True
896,2.7,Education,5,False
897,1.19,English,4,False
898,1.49,Computer Science,4,True
899,2.84,Education,3,True
900,2.12,Computer Science,4,True
901,2.81,English,5,False
902,3.1,Computer Science,5,False
903,3.35,Computer Science,6,True
904,2.79,Computer Science,5,False
905,2.86,English,3,True
906,2.03,English,5,True
907,1.37,Math,4,False
908,2.32,Math,5,True
909,2.32,Computer Science,4,True
910,3.04,Computer Science,5,True
911,2.97,Computer Science,6,False
912,3.34,Computer Science,3,False
913,3.36,Math,6,True
914,1.67,Computer Science,3,False
915,1.53,Computer Science,6,False
916,1.12,Math,4,False
917,3.15,Education,5,False
918,2.32,Math,6,True
919,3.87,Computer Science,5,True
920,1.48,English,5,True
921,1.24,Computer Science,5,False
922,2.53,Education,3,True
923,2.0,Education,3,False
924,3.84,Computer Science,5,False
925,2.39,Computer Science,4,False
926,1.41,Math,6,True
927,1.47,Computer Science,3,False
928,3.1,Education,5,False
929,2.62,Math,6,False
930,3.99,Math,4,False
931,3.05,Math,6,True
932,2.03,Computer Science,4,False
933,3.7,Computer Science,4,True
934,2.74,English,6,False
935,1.9,Computer Science,6,True
936,2.71,English,6,True
937,1.57,English,3,True
938,2.58,Computer Science,3,True
939,1.36,Education,4,True
940,1.91,Education,3,True
941,3.69,Computer Science,4,False
942,2.43,Computer Science,5,True
943,3.38,Computer Science,6,True
944,3.71,Computer Science,3,True
945,1.11,Computer Science,3,True
946,1.36,English,5,False
947,1.19,English,6,False
948,2.69,Math,6,False
949,2.0,Math,5,True
950,3.74,Computer Science,5,False
951,2.91,English,4,True
952,3.62,Computer Science,4,True
953,2.12,Math,4,False
954,3.09,Math,4,True
955,2.02,Computer Science,3,True
956,3.27,Computer Science,4,False
957,1.09,Computer Science,4,False
958,1.04,Education,3,True
959,2.53,Computer Science,5,False
960,1.63,English,4,True
961,3.87,Computer Science,6,False
962,3.59,Math,5,True
963,2.4,Education,6,True
964,1.3,Computer Science,3,False
965,3.29,Education,6,True
966,2.2,Computer Science,6,True
967,2.67,English,6,True
968,3.72,English,6,False
969,2.2,English,5,True
970,1.3,Computer Science,3,False
971,3.64,Computer Science,4,False
972,1.76,Education,6,False
973,3.99,Math,3,False
974,3.15,Computer Science,4,True
975,1.56,Math,3,False
976,3.37,English,3,True
977,3.65,Computer Science,4,False
978,2.86,Computer Science,4,True
979,3.98,Computer Science,4,False
980,3.82,Education,6,False
981,2.77,English,4,False
982,1.04,Math,4,False
983,3.93,Computer Science,4,False
984,3.85,Computer Science,5,True
985,3.83,Computer Science,4,True
986,3.35,Math,4,True
987,2.25,English,5,True
988,2.12,Computer Science,4,True
989,1.44,Computer Science,3,False
990,2.11,Education,6,True
991,1.69,Education,3,True
992,2.71,English,4,False
993,1.49,Computer Science,5,True
994,2.75,Computer Science,6,False
995,2.19,Education,3,True
996,2.92,Education,3,False
997,1.25,Computer Science,4,True
998,3.79,Computer Science,3,False
999,3.01,Education,5,True
