id,carWeight,brand,rating,isElectric
0,4207.95,Volvo,10,False
1,3174.25,Nissan,5,True
2,3813.6,Nissan,9,False
3,3898.64,Volvo,10,False
4,2726.08,Audi,5,False
5,3750.75,Nissan,5,False
6,3310.99,Volvo,5,True
7,3459.21,Audi,9,True
8,3345.56,BMW,5,False
9,4375.56,Nissan,6,True
10,4358.12,Toyota,7,False
11,2647.44,Audi,10,False
12,4055.3,BMW,9,False
13,3809.69,Toyota,9,True
14,3108.48,Nissan,6,True
15,4114.43,Volvo,6,False
16,4363.56,Toyota,7,False
17,3925.89,Toyota,7,False
18,2927.86,Toyota,6,True
19,2792.09,Nissan,8,False
20,3350.93,Audi,9,False
21,3003.94,Toyota,9,True
22,2875.93,Audi,8,True
23,2795.57,BMW,10,False
24,4216.29,Toyota,5,False
25,3128.28,Audi,5,False
26,3349.91,Toyota,7,False
27,3472.92,Volvo,9,True
28,2679.33,Nissan,7,False
29,3878.17,Audi,7,False
30,2788.86,Toyota,7,False
31,4032.75,BMW,7,True
32,3353.96,Toyota,7,False
33,2623.05,Audi,8,True
34,3661.56,Nissan,7,True
35,3871.17,BMW,7,True
36,2987.31,Nissan,10,False
37,2999.66,Toyota,7,False
38,3645.63,Nissan,7,False
39,3372.07,BMW,10,False
40,4196.31,Volvo,5,True
41,3941.29,Nissan,6,False
42,4359.22,Nissan,10,True
43,3202.22,Audi,8,False
44,3187.98,Volvo,5,False
45,4361.38,Nissan,8,False
46,4322.6,Nissan,9,False
47,2659.05,Audi,8,False
48,3139.39,Toyota,6,True
49,4356.84,Nissan,6,True
50,3386.91,Toyota,9,False
51,4136.05,Audi,7,False
52,2844.42,Audi,9,False
53,2927.03,Toyota,7,False
54,3180.32,BMW,7,False
55,3851.67,BMW,6,False
56,4101.64,Nissan,6,False
57,4122.33,Audi,10,False
58,2895.13,Nissan,9,False
59,2649.21,Nissan,7,True
60,3218.04,Nissan,9,False
61,3577.62,Nissan,10,False
62,4133.74,Nissan,10,True
63,2844.04,Toyota,9,False
64,3398.92,Nissan,8,True
65,2687.99,Toyota,6,False
66,3634.3,Volvo,9,False
67,2727.0,Audi,6,False
68,2992.82,Nissan,10,True
69,3479.09,Volvo,8,False
70,4215.29,Volvo,7,False
71,4047.55,BMW,9,False
72,2636.88,Audi,7,True
73,3478.77,Volvo,6,False
74,3767.96,Nissan,9,False
75,4195.2,Nissan,10,False
76,3588.37,Nissan,10,False
77,2889.09,Toyota,5,True
78,2667.33,Nissan,6,True
79,4258.13,BMW,10,False
80,3543.48,Audi,10,True
81,4051.78,Nissan,6,False
82,3291.95,BMW,5,False
83,3678.35,BMW,8,False
84,3999.27,Nissan,7,False
85,3536.24,Toyota,7,False
86,3216.24,Nissan,8,True
87,3039.96,BMW,5,False
88,3453.96,BMW,7,False
89,3344.58,Toyota,10,False
90,3862.97,BMW,8,False
91,4125.43,BMW,9,False
92,2865.3,BMW,10,False
93,4183.43,Volvo,8,False
94,3295.03,Volvo,5,False
95,3268.7,Nissan,6,False
96,3898.32,Audi,9,False
97,3397.74,Audi,6,True
98,3606.5,Audi,6,False
99,3937.55,Toyota,8,False
100,4260.36,BMW,5,True
101,3607.83,Nissan,7,False
102,3741.43,Nissan,7,False
103,3965.0,BMW,8,False
104,3795.35,Nissan,7,False
105,2880.02,Volvo,6,False
106,3045.53,BMW,5,False
107,2625.41,Audi,6,True
108,3664.62,Volvo,6,False
109,3039.93,Nissan,5,False
110,4296.99,Audi,9,False
111,2837.05,Nissan,8,False
112,3581.04,Toyota,8,False
113,3082.11,Toyota,9,True
114,3403.47,Nissan,6,True
115,3522.07,BMW,9,False
116,3808.07,Toyota,5,True
117,3343.57,Nissan,9,False
118,3363.7,BMW,8,True
119,2789.0,Audi,7,False
120,3849.18,Audi,7,False
121,3521.14,Audi,10,False
122,3858.18,Audi,7,False
123,3273.74,Volvo,10,True
124,2847.29,Toyota,6,False
125,3286.66,Volvo,8,True
126,2930.6,Nissan,10,False
127,2735.3,Audi,6,False
128,4329.94,Toyota,10,False
129,3650.62,BMW,7,False
130,4398.43,Volvo,5,False
131,3705.87,BMW,6,False
132,4162.3,BMW,8,True
133,3754.08,BMW,5,False
134,3742.63,Audi,9,True
135,4163.97,Toyota,5,False
136,2620.25,Volvo,8,False
137,3421.5,Toyota,10,True
138,3027.89,Toyota,7,False
139,3832.82,Nissan,6,False
140,3616.97,Toyota,8,False
141,3705.85,Toyota,5,False
142,4261.77,Volvo,8,True
143,3409.66,Audi,8,False
144,4045.25,Volvo,9,True
145,4170.55,Audi,10,True
146,3983.58,Volvo,5,False
147,3713.61,Toyota,10,False
148,4015.04,Volvo,8,True
149,4108.07,BMW,5,False
150,4217.01,Nissan,6,False
151,3072.89,BMW,7,True
152,2720.09,Nissan,9,False
153,2999.56,Audi,5,True
154,3812.11,BMW,7,False
155,3835.04,Volvo,8,False
156,3662.15,Volvo,7,True
157,3467.83,Nissan,8,False
158,4221.75,Nissan,10,False
159,3780.15,Toyota,9,False
160,2635.77,Toyota,9,False
161,3941.87,Audi,7,False
162,2862.75,Volvo,6,True
163,3671.76,Nissan,7,False
164,3812.08,BMW,9,False
165,2848.07,Volvo,9,False
166,2636.54,Toyota,8,True
167,3161.31,BMW,5,True
168,3513.77,BMW,8,True
169,3210.54,Audi,9,False
170,3832.76,Audi,5,False
171,3846.32,Audi,7,False
172,2740.34,Audi,6,True
173,2858.91,Nissan,9,False
174,3043.02,Volvo,7,False
175,2921.8,Volvo,5,False
176,4394.46,Audi,10,False
177,2826.07,Volvo,5,False
178,3274.27,Volvo,9,False
179,3004.17,Nissan,10,False
180,4119.32,Volvo,5,False
181,3337.8,Toyota,5,False
182,4237.26,Audi,8,True
183,3600.11,Toyota,7,True
184,3665.81,BMW,7,False
185,3626.57,BMW,9,False
186,3763.49,BMW,5,False
187,3059.09,Nissan,7,False
188,2699.85,Toyota,5,False
189,3727.23,Volvo,10,True
190,3259.39,Audi,7,True
191,3090.52,Volvo,5,False
192,3517.99,Toyota,10,True
193,4320.02,Volvo,5,False
194,3832.12,Volvo,5,False
195,4332.67,Nissan,8,False
196,3856.48,Audi,5,False
197,3861.43,Toyota,9,False
198,3301.45,Volvo,8,False
199,4325.61,Nissan,8,True
200,4366.1,Audi,8,False
201,3475.59,Audi,7,True
202,3060.57,Audi,8,False
203,3616.74,Volvo,7,False
204,3051.17,Audi,6,False
205,3796.15,BMW,5,True
206,2967.04,Audi,8,True
207,4246.28,Toyota,7,False
208,3296.34,Volvo,8,False
209,2928.06,Audi,7,True
210,3105.63,Nissan,7,True
211,3634.48,BMW,9,False
212,3400.19,BMW,6,False
213,2965.22,Nissan,8,True
214,4127.7,Volvo,6,False
215,3905.98,Audi,6,False
216,4111.19,Audi,10,True
217,3093.64,Toyota,7,False
218,3156.56,Volvo,6,False
219,3148.2,BMW,9,False
220,3983.74,BMW,10,False
221,3905.2,BMW,6,False
222,3087.3,Toyota,10,False
223,4151.61,Volvo,6,False
224,2916.33,Audi,5,False
225,3251.39,Nissan,10,False
226,3645.16,Volvo,10,False
227,3818.92,Nissan,10,False
228,2869.54,BMW,6,False
229,3712.51,BMW,8,True
230,4233.17,BMW,7,False
231,2986.07,Volvo,6,False
232,3155.07,Audi,10,False
233,3102.89,Nissan,8,False
234,3006.5,Volvo,5,False
235,2865.27,Volvo,9,True
236,4369.47,Volvo,9,False
237,3604.58,BMW,9,False
238,2729.38,Toyota,10,True
239,3267.66,Audi,9,False
240,3842.28,Volvo,8,False
241,3344.75,Toyota,10,True
242,2846.71,BMW,5,True
243,3345.32,Toyota,5,True
244,3596.87,BMW,8,False
245,3428.57,Toyota,5,False
246,3021.38,Nissan,10,True
247,3420.84,BMW,5,False
248,4330.92,Volvo,9,False
249,4098.3,Volvo,8,False
250,2909.15,BMW,7,True
251,3726.53,Audi,7,False
252,4184.26,Toyota,10,True
253,4146.68,BMW,5,False
254,3857.55,Volvo,10,True
255,3311.93,Toyota,8,True
256,2696.2,BMW,8,True
257,2691.96,Toyota,9,True
258,2861.85,Audi,10,True
259,3372.73,Nissan,6,True
260,3599.26,Nissan,10,False
261,4056.61,Audi,8,True
262,3313.34,Volvo,7,False
263,3168.31,BMW,8,True
264,4381.64,Nissan,5,True
265,2939.76,Nissan,6,True
266,4214.47,Audi,8,False
267,4294.43,Nissan,10,False
268,3605.08,BMW,8,True
269,3451.23,BMW,6,True
270,4122.78,Audi,10,True
271,3101.19,Volvo,8,False
272,3807.71,BMW,9,False
273,3606.2,Audi,10,False
274,4134.76,Toyota,6,True
275,3433.46,BMW,5,False
276,3486.67,Nissan,7,False
277,3496.37,Audi,8,False
278,2983.63,Nissan,9,False
279,3715.76,Volvo,9,False
280,4123.63,Nissan,9,False
281,3889.65,Toyota,10,False
282,2880.74,Nissan,6,True
283,2854.44,BMW,8,False
284,3679.89,Audi,6,False
285,2983.16,BMW,5,True
286,4309.49,Nissan,7,False
287,4066.72,BMW,10,False
288,2636.67,BMW,10,False
289,3151.62,BMW,6,False
290,2968.86,Nissan,5,False
291,4112.98,Volvo,6,True
292,3620.65,BMW,5,False
293,4188.06,Toyota,7,True
294,3193.09,Toyota,7,True
295,3282.98,Volvo,9,False
296,2813.68,Toyota,7,False
297,3197.4,Nissan,9,True
298,3040.24,Nissan,9,False
299,2981.91,Audi,6,True
300,3911.08,Volvo,6,False
301,4389.89,Nissan,10,False
302,3354.93,Volvo,9,True
303,4378.44,Toyota,5,False
304,4308.39,Nissan,6,False
305,3659.5,Audi,5,True
306,2909.99,Nissan,8,True
307,4282.14,Audi,5,False
308,3982.45,BMW,6,False
309,2866.34,Audi,10,False
310,4269.43,Nissan,6,False
311,3561.68,Audi,8,False
312,3745.23,BMW,5,False
313,2609.97,Audi,8,True
314,3889.2,BMW,6,False
315,2838.5,Volvo,7,True
316,4336.08,BMW,5,True
317,3232.85,Audi,5,True
318,2882.77,Nissan,5,True
319,3352.94,BMW,8,True
320,3068.72,Volvo,8,True
321,3200.19,Toyota,10,True
322,2959.7,Audi,6,False
323,3289.44,BMW,7,False
324,2628.06,Toyota,8,True
325,4057.87,Volvo,10,True
326,4303.18,Nissan,6,False
327,2874.31,BMW,6,False
328,3270.49,Toyota,7,True
329,4081.89,BMW,6,False
330,4302.52,Audi,5,True
331,2830.29,BMW,6,False
332,4122.8,Audi,7,False
333,3875.6,Audi,6,False
334,2753.2,Audi,9,False
335,2932.22,BMW,6,False
336,2640.12,Volvo,9,True
337,2871.14,Audi,10,False
338,2757.18,Toyota,5,False
339,3441.43,Volvo,8,True
340,3030.65,Nissan,8,True
341,3916.69,Volvo,6,False
342,3851.97,Toyota,10,False
343,4324.07,Nissan,8,False
344,2868.67,Nissan,7,True
345,2783.14,BMW,8,True
346,2623.62,Nissan,9,False
347,3575.69,Nissan,8,True
348,3330.02,Audi,10,False
349,3870.49,Toyota,10,False
350,2988.21,Volvo,5,True
351,3759.34,Volvo,7,False
352,3335.65,Nissan,9,False
353,4001.51,Nissan,7,False
354,3098.44,Volvo,7,False
355,3992.22,BMW,8,False
356,4015.21,BMW,5,False
357,3036.36,Toyota,6,True
358,4071.86,Toyota,8,False
359,3917.82,Nissan,10,False
360,3888.7,Toyota,8,False
361,3980.41,Nissan,7,True
362,2723.37,Audi,9,False
363,3942.06,Nissan,9,False
364,3628.1,Toyota,7,True
365,3582.64,Audi,7,False
366,2667.82,Audi,7,False
367,3523.03,Volvo,9,False
368,4188.92,BMW,10,False
369,2910.54,BMW,8,False
370,3736.62,Audi,6,True
371,3642.16,BMW,7,False
372,3575.75,Toyota,6,False
373,2948.23,Nissan,5,False
374,4062.97,Volvo,10,True
375,3499.18,BMW,10,True
376,3763.06,Toyota,9,False
377,3183.16,Nissan,5,True
378,3043.98,Volvo,7,False
379,2706.11,Nissan,7,False
380,2776.91,Volvo,8,False
381,3483.75,BMW,7,False
382,3670.37,Audi,7,False
383,3694.25,Toyota,5,False
384,3986.43,Toyota,7,False
385,3040.64,Volvo,9,False
386,4175.55,Audi,7,True
387,3932.47,BMW,7,True
388,3546.98,Nissan,8,False
389,4226.14,Volvo,10,True
390,2853.48,BMW,7,False
391,3827.46,Nissan,7,False
392,2870.62,Audi,10,False
393,3299.51,Nissan,7,False
394,3959.09,Volvo,9,True
395,3976.09,Volvo,7,False
396,3166.46,Volvo,6,True
397,3321.91,Nissan,6,True
398,2991.41,Toyota,7,False
399,3272.86,Audi,9,False
400,4299.04,Volvo,9,False
401,3132.28,Volvo,9,False
402,3342.97,Toyota,10,False
403,3385.65,Volvo,10,True
404,3885.19,Nissan,6,True
405,2692.51,Audi,8,False
406,2827.62,Nissan,8,False
407,3316.83,Toyota,9,False
408,3028.94,Volvo,10,False
409,3670.46,BMW,10,False
410,2842.89,Nissan,6,False
411,3299.47,BMW,6,False
412,3490.13,Nissan,6,True
413,2678.72,Volvo,9,False
414,4242.62,Toyota,9,True
415,3108.5,Volvo,10,False
416,3902.02,Toyota,10,True
417,3238.73,Toyota,7,True
418,3074.54,Toyota,8,False
419,3228.87,BMW,9,False
420,3942.66,Audi,7,False
421,3612.32,Volvo,9,False
422,3513.74,Volvo,10,False
423,2947.96,BMW,8,False
424,4286.36,Toyota,8,True
425,3796.84,Toyota,7,False
426,3242.8,BMW,9,True
427,2961.36,BMW,5,True
428,2971.25,Audi,7,False
429,3334.38,Toyota,8,False
430,4019.24,Toyota,8,False
431,3972.18,Audi,10,True
432,4232.23,Toyota,7,False
433,3437.21,Volvo,6,False
434,4126.56,Audi,10,False
435,3580.65,Toyota,6,False
436,4377.23,Volvo,9,False
437,4272.17,Toyota,6,False
438,3899.35,Toyota,9,False
439,2967.68,Audi,8,False
440,3344.06,Volvo,5,False
441,3722.77,Volvo,6,False
442,2654.79,Volvo,8,False
443,3385.87,BMW,8,False
444,3968.24,Volvo,10,False
445,3565.11,Volvo,8,False
446,4007.26,BMW,9,True
447,2732.82,BMW,8,True
448,3779.46,BMW,6,True
449,3716.27,BMW,7,True
450,4372.13,BMW,8,True
451,3667.2,Volvo,10,False
452,3070.72,Nissan,10,False
453,3948.61,Audi,6,False
454,3444.67,BMW,8,True
455,2880.74,Volvo,7,False
456,4127.75,Nissan,10,False
457,3204.05,Volvo,8,False
458,3375.65,Toyota,8,False
459,3214.42,Audi,9,False
460,2641.79,Toyota,7,False
461,2961.96,Audi,7,True
462,2841.81,Audi,5,True
463,2815.47,Nissan,7,False
464,3691.61,Toyota,7,True
465,3196.41,Nissan,5,False
466,3095.09,Nissan,5,True
467,2901.8,Audi,8,False
468,3078.3,Audi,8,False
469,2713.98,Toyota,5,True
470,3740.12,Toyota,6,True
471,2790.55,Volvo,6,True
472,2619.7,Audi,8,True
473,2872.83,Toyota,9,False
474,3258.99,Audi,9,False
475,3858.67,Toyota,7,False
476,2737.8,Audi,7,True
477,3821.45,BMW,10,True
478,3256.53,Toyota,10,False
479,4089.36,BMW,7,True
480,3621.12,Nissan,7,False
481,4382.81,Audi,7,False
482,4021.77,Audi,9,False
483,4120.47,Toyota,7,False
484,3233.08,Toyota,5,True
485,2917.78,Nissan,9,False
486,3166.04,BMW,8,False
487,4393.78,BMW,7,False
488,3231.74,Toyota,10,False
489,2751.54,Audi,9,True
490,4271.75,Audi,7,True
491,3755.83,BMW,7,False
492,2607.06,BMW,7,False
493,2988.61,Nissan,10,False
494,3352.98,Audi,8,False
495,4185.82,Audi,9,False
496,4193.44,Toyota,8,False
497,2976.84,Volvo,10,True
498,2734.35,Nissan,5,False
499,3668.95,Toyota,10,False
500,3848.58,Nissan,5,True
501,2898.19,Volvo,10,False
502,3969.27,Toyota,9,False
503,3315.11,Nissan,10,False
504,2914.75,Volvo,10,False
505,3432.85,Nissan,9,False
506,2785.0,Nissan,6,False
507,4302.81,Nissan,6,False
508,3917.53,Toyota,10,False
509,3609.59,Nissan,6,False
510,4092.38,Toyota,8,False
511,3417.49,Nissan,7,False
512,3193.03,Nissan,5,False
513,4363.36,Toyota,9,False
514,3252.23,Nissan,8,False
515,3503.45,Audi,10,True
516,3871.39,Nissan,8,False
517,4305.78,Nissan,7,True
518,2953.56,Toyota,7,False
519,3420.58,Audi,9,False
520,3723.52,Volvo,6,True
521,2994.22,Audi,6,True
522,3188.9,Volvo,6,False
523,2826.08,Nissan,8,False
524,3935.48,Volvo,10,False
525,3979.48,Toyota,5,False
526,3898.13,Toyota,8,False
527,3797.32,Audi,8,False
528,2804.86,Nissan,9,False
529,4085.59,BMW,8,False
530,4348.61,Toyota,5,False
531,3746.6,BMW,9,False
532,3632.58,Toyota,7,False
533,4195.37,BMW,9,False
534,3081.89,BMW,5,False
535,4297.18,Nissan,8,False
536,2625.52,Volvo,9,False
537,2602.31,Audi,6,False
538,4293.24,Nissan,6,False
539,2908.79,Toyota,7,False
540,3486.77,Volvo,5,True
541,2616.44,BMW,8,True
542,3155.37,Audi,9,True
543,4252.13,Volvo,5,True
544,3922.36,Audi,6,False
545,2958.82,Toyota,5,False
546,3046.83,Volvo,10,True
547,3314.46,Toyota,8,False
548,3754.75,BMW,7,False
549,2627.3,BMW,9,False
550,3826.45,Volvo,6,True
551,2682.94,Toyota,5,False
552,4322.12,Toyota,7,False
553,4234.95,Audi,8,True
554,4160.64,Nissan,6,False
555,4324.54,Toyota,5,False
556,2803.4,BMW,8,True
557,3347.74,Toyota,10,False
558,4081.54,Nissan,10,False
559,3669.69,Audi,5,True
560,3414.79,Volvo,5,False
561,3286.29,Volvo,8,True
562,4071.48,Toyota,8,True
563,4109.03,Audi,6,False
564,3068.58,BMW,10,False
565,3407.9,Toyota,6,True
566,3957.11,Volvo,8,False
567,3477.7,Volvo,10,False
568,3504.6,Toyota,8,False
569,3026.85,Nissan,9,True
570,2804.45,Nissan,10,False
571,3752.47,Nissan,6,False
572,4112.47,Audi,10,True
573,3474.18,Audi,10,False
574,3884.13,Toyota,8,False
575,3810.19,Toyota,10,False
576,2890.43,BMW,10,False
577,3006.69,Audi,7,True
578,2610.44,Nissan,5,False
579,2708.02,Nissan,9,False
580,2783.89,Nissan,10,False
581,3034.6,Nissan,9,False
582,2949.53,Audi,9,False
583,2630.95,Toyota,6,True
584,3266.44,Volvo,6,False
585,3522.65,Toyota,10,False
586,3567.19,BMW,10,False
587,3072.41,Nissan,6,False
588,3210.27,Volvo,9,True
589,3622.76,Volvo,6,True
590,2789.03,Volvo,7,True
591,2676.15,Nissan,10,True
592,2641.14,BMW,8,False
593,3434.3,Audi,6,False
594,4247.77,Volvo,9,False
595,3269.8,Toyota,9,False
596,2672.53,Volvo,8,True
597,3765.53,Toyota,6,False
598,3256.97,Toyota,10,True
599,3861.8,Audi,5,True
600,3322.23,Volvo,5,True
601,4296.76,BMW,6,True
602,3984.87,Volvo,10,False
603,2987.04,Volvo,6,True
604,3529.73,BMW,10,False
605,4026.42,Nissan,9,False
606,2786.91,Nissan,7,False
607,4270.5,BMW,6,False
608,3825.25,Volvo,8,False
609,3230.74,Audi,10,False
610,2774.78,BMW,9,False
611,4143.41,Toyota,6,False
612,3388.98,Toyota,7,False
613,4399.09,Toyota,8,False
614,3012.54,Toyota,8,True
615,4100.83,Volvo,6,False
616,3320.57,Volvo,9,False
617,3843.73,Audi,7,True
618,3462.83,Nissan,10,False
619,2768.27,Audi,10,False
620,3138.87,BMW,6,False
621,3858.27,BMW,10,False
622,3206.87,Toyota,7,True
623,3136.41,Nissan,10,False
624,3477.61,Toyota,6,False
625,2962.2,Audi,5,False
626,4348.85,Toyota,5,True
627,4010.4,Audi,10,False
628,3387.96,Volvo,6,False
629,3669.43,Toyota,10,True
630,2691.61,Toyota,5,False
631,3686.25,Volvo,8,True
632,4278.6,Nissan,7,False
633,3855.2,Toyota,8,False
634,2871.94,Volvo,7,False
635,3907.25,Audi,7,False
636,2908.1,Toyota,6,True
637,4382.07,Volvo,5,True
638,4010.35,Audi,10,False
639,2609.99,Toyota,10,False
640,3603.08,Audi,10,False
641,2727.18,Nissan,7,False
642,3516.21,Audi,9,False
643,2662.63,Audi,10,True
644,3313.96,Audi,6,False
645,4343.78,Nissan,6,True
646,2887.43,BMW,6,True
647,3676.17,Audi,6,True
648,4284.07,BMW,9,False
649,3108.74,Nissan,8,True
650,3336.71,Toyota,8,False
651,3416.1,Nissan,9,False
652,4164.29,Audi,8,True
653,2964.64,Nissan,7,False
654,3454.5,Toyota,8,False
655,2618.28,Nissan,8,False
656,4231.82,Nissan,10,True
657,3086.18,Nissan,6,False
658,3553.98,Nissan,7,False
659,2989.59,Nissan,7,False
660,4342.96,Audi,7,True
661,3657.89,Toyota,9,False
662,2635.98,BMW,9,False
663,2804.98,Nissan,9,False
664,4138.18,Audi,6,False
665,3534.28,BMW,8,True
666,4206.38,Nissan,7,False
667,3418.96,Volvo,9,False
668,3811.0,BMW,8,True
669,3744.9,Volvo,6,False
670,3159.71,Nissan,10,True
671,2914.94,Nissan,5,False
672,2817.44,Nissan,9,True
673,3694.02,Volvo,10,False
674,3457.13,Nissan,8,False
675,3921.15,Audi,6,False
676,2813.98,Nissan,9,False
677,3539.99,Volvo,7,False
678,3381.02,Nissan,5,True
679,2707.2,Toyota,5,True
680,3634.23,Audi,6,True
681,2682.88,BMW,9,False
682,2670.31,Audi,5,False
683,4253.22,Nissan,10,False
684,3338.27,BMW,9,False
685,4120.7,BMW,7,False
686,4338.48,Volvo,5,False
687,3832.93,Audi,6,True
688,3547.78,Toyota,10,False
689,4359.76,Toyota,10,False
690,3317.09,Audi,8,False
691,3645.94,Toyota,8,False
692,4288.41,Toyota,9,False
693,3276.89,Toyota,6,True
694,3566.64,Volvo,5,False
695,3660.79,Nissan,8,False
696,3980.07,Volvo,5,True
697,3435.88,Volvo,6,False
698,4363.45,Audi,10,False
699,2927.5,Toyota,7,False
700,4040.27,Nissan,10,True
701,3694.19,BMW,9,True
702,3240.55,Toyota,6,False
703,3638.51,Volvo,9,False
704,3145.11,Nissan,6,True
705,4382.96,Audi,8,True
706,4076.68,Toyota,9,False
707,4160.85,BMW,10,False
708,4096.82,Nissan,9,False
709,3934.57,Nissan,8,True
710,2627.64,Volvo,8,False
711,3250.0,Volvo,7,False
712,4037.46,Volvo,9,False
713,3473.94,Audi,6,True
714,3637.95,Nissan,8,False
715,3562.39,Volvo,5,True
716,3857.26,Volvo,7,True
717,4070.51,Audi,6,True
718,4143.41,Volvo,10,False
719,4233.03,Volvo,10,False
720,3094.58,Toyota,7,False
721,3112.33,BMW,9,True
722,2886.19,Nissan,8,True
723,3707.47,Nissan,7,False
724,2796.27,Audi,8,True
725,2678.79,Audi,9,True
726,3089.33,BMW,10,True
727,2875.43,Nissan,8,True
728,3936.25,Volvo,9,True
729,3082.28,BMW,6,False
730,2736.85,Nissan,7,True
731,3409.96,Audi,8,False
732,3497.78,Toyota,6,False
733,3773.07,BMW,7,False
734,4344.83,Volvo,10,False
735,3201.97,Toyota,7,False
736,3154.51,Audi,7,False
737,2934.24,Volvo,6,True
738,3016.39,BMW,10,True
739,2989.59,Nissan,7,False
740,3996.2,Nissan,10,True
741,3042.18,Audi,8,False
742,4296.72,Toyota,9,False
743,3046.49,BMW,9,False
744,2913.72,Audi,10,True
745,3968.72,Toyota,10,True
746,3394.04,Audi,8,False
747,3234.25,Audi,6,False
748,4223.08,Nissan,6,False
749,2737.88,Audi,6,False
750,2666.65,BMW,9,True
751,2677.84,Toyota,6,False
752,3167.52,Volvo,6,True
753,4381.16,Audi,7,False
754,3411.67,Audi,9,False
755,2724.31,BMW,5,True
756,2911.26,Audi,8,False
757,3167.52,Nissan,9,False
758,2942.64,Nissan,9,False
759,3888.58,Volvo,6,False
760,2698.01,BMW,5,False
761,4279.94,Nissan,5,False
762,4180.29,BMW,6,True
763,2821.49,Nissan,6,False
764,3170.0,Volvo,10,False
765,3697.68,Toyota,9,True
766,3028.22,BMW,5,False
767,3408.72,Toyota,10,True
768,3746.9,Audi,6,False
769,3840.03,Audi,5,True
770,3999.84,Volvo,10,True
771,3224.15,Nissan,6,False
772,3270.59,Nissan,8,False
773,3492.63,BMW,7,False
774,4329.27,Audi,9,False
775,3389.32,BMW,10,True
776,3191.35,Toyota,8,True
777,2943.06,Nissan,8,True
778,2769.22,Volvo,9,False
779,3918.7,BMW,6,False
780,2976.08,Toyota,10,False
781,3447.67,Toyota,9,False
782,3239.68,Volvo,6,False
783,3200.61,BMW,8,False
784,2940.1,Volvo,5,False
785,4107.89,Volvo,9,True
786,3727.96,BMW,8,True
787,2622.1,BMW,10,False
788,3266.49,BMW,10,True
789,3027.58,Audi,6,False
790,3083.77,Nissan,5,False
791,3780.65,Nissan,7,False
792,3470.06,Toyota,9,False
793,3419.35,Nissan,6,True
794,3703.24,Audi,5,False
795,4304.21,BMW,10,True
796,3213.17,BMW,8,False
797,3250.41,Nissan,5,True
798,3642.99,Volvo,5,False
799,3921.84,Audi,6,False
800,3752.91,Audi,7,True
801,2664.18,Volvo,8,False
802,3499.28,Volvo,6,False
803,4084.86,Audi,10,True
804,3847.56,Audi,8,True
805,3679.41,BMW,7,False
806,4089.4,Nissan,6,False
807,3497.19,BMW,9,False
808,2802.58,Nissan,8,False
809,2678.76,Audi,7,False
810,3034.52,Volvo,8,True
811,2933.49,BMW,5,False
812,3785.33,Toyota,9,False
813,3017.49,Nissan,9,False
814,2912.26,Toyota,9,True
815,4095.92,Volvo,10,True
816,3929.8,Toyota,7,True
817,3011.55,BMW,7,True
818,3250.12,BMW,9,False
819,3875.81,Nissan,7,False
820,3724.66,Nissan,8,False
821,3321.35,Audi,7,True
822,3761.98,Toyota,6,True
823,3980.06,Volvo,9,False
824,3448.83,Toyota,5,True
825,3683.04,BMW,6,False
826,3836.77,Nissan,8,False
827,3621.09,Audi,9,False
828,3159.79,Toyota,7,False
829,3658.8,Toyota,8,False
830,2902.76,Volvo,6,True
831,3323.97,Toyota,8,True
832,3255.69,BMW,5,True
833,2808.23,BMW,8,False
834,2721.41,Toyota,9,False
835,3768.48,BMW,9,False
836,4325.68,Volvo,5,True
837,3321.67,Volvo,5,False
838,3695.42,Nissan,7,False
839,3486.3,Toyota,10,True
840,4008.0,Toyota,7,False
841,3821.85,Audi,9,True
842,3763.44,Toyota,9,True
843,3514.61,Nissan,9,False
844,4348.92,Toyota,10,False
845,3194.84,Toyota,8,True
846,2701.2,BMW,6,False
847,3686.07,Toyota,7,True
848,4239.65,Volvo,5,False
849,2654.52,Nissan,7,False
850,4357.21,Toyota,10,False
851,3079.34,BMW,7,False
852,4313.42,Nissan,5,False
853,4019.26,Volvo,8,False
854,3809.58,Nissan,7,False
855,2788.47,Nissan,5,True
856,4123.73,Volvo,9,True
857,4292.13,Audi,5,True
858,3047.79,Volvo,9,False
859,2794.45,BMW,10,True
860,4123.4,Toyota,9,False
861,2893.25,Nissan,8,True
862,3912.01,Nissan,6,True
863,3213.18,Audi,8,True
864,3820.41,Nissan,7,False
865,2706.11,Audi,8,False
866,4011.29,Volvo,8,False
867,3639.64,Nissan,10,False
868,2719.28,Nissan,10,False
869,3452.41,BMW,6,True
870,3345.51,Nissan,5,False
871,2827.16,Audi,7,False
872,2746.91,BMW,6,True
873,2969.93,Toyota,5,True
874,4135.4,Nissan,10,True
875,3216.93,Audi,10,False
876,3648.05,Audi,8,False
877,3369.8,Toyota,5,False
878,2741.71,BMW,9,False
879,3633.78,Nissan,7,False
880,3784.23,Volvo,6,False
881,3874.31,BMW,10,False
882,3962.65,Volvo,8,False
883,3707.12,Volvo,6,False
884,2966.63,Volvo,7,True
885,3047.77,Audi,9,False
886,3459.02,Volvo,7,True
887,4374.6,Audi,10,True
888,3141.96,Nissan,9,False
889,3221.22,Volvo,5,False
890,3251.95,Volvo,5,False
891,3248.42,BMW,5,True
892,3011.31,BMW,5,False
893,2894.93,BMW,6,False
894,3469.09,Toyota,8,True
895,2808.25,Toyota,8,False
896,3889.41,BMW,6,False
897,3404.36,Audi,10,False
898,3222.11,Nissan,6,False
899,3789.66,Audi,6,False
900,3693.33,Nissan,10,False
901,4185.3,Nissan,8,True
902,3408.6,Audi,10,False
903,4275.54,Nissan,5,True
904,2930.74,Nissan,7,False
905,2667.48,Nissan,9,False
906,2968.28,BMW,6,True
907,3438.36,BMW,9,False
908,4175.28,Toyota,7,True
909,3950.59,BMW,9,False
910,3162.79,Toyota,10,True
911,3226.01,Volvo,9,True
912,4346.15,Audi,6,False
913,4259.17,Toyota,6,False
914,4288.18,Audi,10,True
915,2988.02,Toyota,9,False
916,3121.37,Audi,7,True
917,3728.12,Audi,9,False
918,3662.04,Audi,9,False
919,3330.52,Toyota,6,False
920,2829.64,Toyota,9,True
921,4292.94,Nissan,9,True
922,2956.41,BMW,9,False
923,4214.87,BMW,10,False
924,3799.58,Audi,5,False
925,2665.97,Toyota,10,False
926,3528.26,Volvo,8,False
927,3968.49,Nissan,9,True
928,2877.85,Nissan,5,True
929,4309.7,BMW,6,False
930,4344.57,Nissan,5,True
931,2719.59,Toyota,7,False
932,2873.33,Volvo,7,False
933,3230.57,Volvo,5,True
934,3363.98,BMW,8,False
935,3261.38,Toyota,9,False
936,4053.8,Volvo,9,True
937,3472.43,Audi,8,False
938,3527.22,Toyota,10,False
939,2715.27,Audi,7,False
940,2613.17,Nissan,5,False
941,4389.51,Volvo,5,False
942,3147.06,Volvo,8,False
943,3400.96,Toyota,8,False
944,2996.89,Audi,5,False
945,3703.44,Nissan,5,False
946,3228.74,Audi,10,False
947,3279.37,Toyota,9,True
948,3010.93,Toyota,7,False
949,3105.62,Toyota,9,False
950,2644.49,Nissan,9,True
951,3579.1,BMW,6,False
952,2931.55,Nissan,10,False
953,4236.64,Audi,7,False
954,3606.52,Volvo,7,False
955,3106.6,Nissan,8,True
956,3775.13,Nissan,8,True
957,2970.31,Nissan,5,False
958,3941.83,Nissan,9,False
959,4268.14,Nissan,7,True
960,3475.11,Audi,8,True
961,3828.29,Toyota,6,True
962,3864.48,BMW,5,False
963,3136.56,Audi,10,False
964,2864.09,Toyota,7,False
965,3089.42,Audi,9,False
966,4060.7,Toyota,10,True
967,4194.58,Nissan,9,True
968,3077.15,Volvo,9,False
969,3455.42,Nissan,7,True
970,4268.46,Audi,5,False
971,4365.58,BMW,6,False
972,3872.24,Nissan,10,False
973,3024.42,Toyota,6,False
974,2922.91,Volvo,7,True
975,4004.97,Toyota,8,False
976,2872.17,Audi,7,False
977,3778.09,Toyota,8,True
978,3106.0,Audi,5,False
979,3116.29,Nissan,9,False
980,4255.28,Volvo,10,True
981,3786.44,Audi,5,True
982,3433.45,Volvo,8,True
983,3564.45,Nissan,9,False
984,3893.46,Toyota,6,False
985,4359.95,Volvo,5,False
986,2711.42,Volvo,6,False
987,2662.87,BMW,5,False
988,3011.2,Volvo,7,False
989,2780.32,BMW,8,True
990,2836.9,Audi,9,True
991,4147.55,Nissan,8,True
992,3988.1,Audi,10,False
993,3594.1,Nissan,6,True
994,4338.17,BMW,9,False
995,3680.42,Volvo,7,True
996,4265.78,Audi,7,False
997,2703.33,Nissan,9,False
998,4068.49,Volvo,10,False
999,3282.65,BMW,10,False
